{"batch/loss": 0.8556368350982666, "batch/accuracy": 0.771484375, "batch/batch_step": 395, "batch/learning_rate": 0.009999999776482582, "_timestamp": 1693930002.6981628, "_runtime": 62.004079818725586, "_step": 87, "epoch/loss": 0.8544734120368958, "epoch/accuracy": 0.7712500095367432, "epoch/val_loss": 0.7234556674957275, "epoch/val_accuracy": 0.8199999928474426, "epoch/epoch": 7, "epoch/learning_rate": 0.009999999776482582, "_wandb": {"runtime": 65}}